Project ID,Project Name,Owner,City/State,Unit,Tenant,Canonical Tenant,Tenant SF,Tenant Category,Main Mix Group,Size Bucket
117210,Memorial Plaza,Kimco,"Cambridge, MA",2,Micro Center,Micro Center,41724,Other,Other,10k+
117210,Memorial Plaza,Kimco,"Cambridge, MA",3,Massage Envy,Massage Envy,3391,Personal Service,Service,3k-10k
125240,Highland Lakes Plaza,Kimco,"Palm Harbor, FL",1,Perspire Sauna Studio,Perspire Sauna Studio,1750,Other,Other,0-3k
125240,Highland Lakes Plaza,Kimco,"Palm Harbor, FL",2,IVX Health,IVX Health,2000,Medical,Service,0-3k
125240,Highland Lakes Plaza,Kimco,"Palm Harbor, FL",3,Code Ninjas,Code Ninjas,1250,Other,Other,0-3k
125240,Highland Lakes Plaza,Kimco,"Palm Harbor, FL",4,Anna's Massage Therapy,Anna's Massage Therapy,1895,Medical,Service,0-3k
125240,Highland Lakes Plaza,Kimco,"Palm Harbor, FL",5,Orangetheory Fitness,Orangetheory Fitness,3105,Fitness,Service,3k-10k
125240,Highland Lakes Plaza,Kimco,"Palm Harbor, FL",8,J.Crew Factory,J.Crew Factory,6300,Other,Other,3k-10k
125240,Highland Lakes Plaza,Kimco,"Palm Harbor, FL",10,Michaels,Michaels,18780,Crafts,Hard Goods,10k+
125240,Highland Lakes Plaza,Kimco,"Palm Harbor, FL",11,Famous Footwear,Famous Footwear,4750,Footwear,Soft Goods,3k-10k
125240,Highland Lakes Plaza,Kimco,"Palm Harbor, FL",14,Costa Vida,Costa Vida,1960,Other,Other,0-3k
125240,Highland Lakes Plaza,Kimco,"Palm Harbor, FL",16,Barnes & Noble,Barnes & Noble,21943,Books & Media,Hard Goods,10k+
116710,Brennan Station,Kimco,"Raleigh, NC",2,Five Guys Burgers and Fries,Five Guys,2481,Restaurant,Food,0-3k
116710,Brennan Station,Kimco,"Raleigh, NC",3,Moe's Southwest Grill,Moe's Southwest Grill,3355,Restaurant,Food,3k-10k
116710,Brennan Station,Kimco,"Raleigh, NC",5,Jersey Mike's Subs,Jersey Mike's Subs,1700,Restaurant,Food,0-3k
116710,Brennan Station,Kimco,"Raleigh, NC",6,Hummus Republic,Hummus Republic,2120,Other,Other,0-3k
116710,Brennan Station,Kimco,"Raleigh, NC",7,Margaux's Restaurant,Margaux's Restaurant,6204,Restaurant,Food,3k-10k
116710,Brennan Station,Kimco,"Raleigh, NC",8,Huntington Learning Center,Huntington Learning Center,2462,Education,Service,0-3k
116710,Brennan Station,Kimco,"Raleigh, NC",9,SunTan City,SunTan City,2600,Other,Other,0-3k
116710,Brennan Station,Kimco,"Raleigh, NC",10,Bodybar Pilates,Bodybar Pilates,3019,Fitness,Service,3k-10k
116710,Brennan Station,Kimco,"Raleigh, NC",11,Conte's Bike Shop,Conte's Bike Shop,7050,Other,Other,3k-10k
116710,Brennan Station,Kimco,"Raleigh, NC",12,Lux Nails & Spa,Lux Nails & Spa,1782,Beauty,Soft Goods,0-3k
116710,Brennan Station,Kimco,"Raleigh, NC",13,Office Depot,Office Depot,22391,Office Supply,Hard Goods,10k+
116710,Brennan Station,Kimco,"Raleigh, NC",14,Dollar Tree,Dollar Tree,10500,Discount Retail,Hard Goods,10k+
116710,Brennan Station,Kimco,"Raleigh, NC",15,Woof Gang Bakery & Grooming,Woof Gang Bakery & Grooming,1300,Coffee / Dessert,Food,0-3k
116710,Brennan Station,Kimco,"Raleigh, NC",18,Nancy's Pizza,Nancy's Pizza,4260,Restaurant,Food,3k-10k
116710,Brennan Station,Kimco,"Raleigh, NC",19,Town and Country Hardware,Town and Country Hardware,12000,Hardware,Hard Goods,10k+
116710,Brennan Station,Kimco,"Raleigh, NC",20,Relax Foot Massage,Relax Foot Massage,2000,Personal Service,Service,0-3k
116710,Brennan Station,Kimco,"Raleigh, NC",21,Sola Salon Studios,Sola Salon Studios,4890,Beauty,Soft Goods,3k-10k
116710,Brennan Station,Kimco,"Raleigh, NC",22,Melt Well Sauna and [...],Melt Well Sauna and [...],1408,Other,Other,0-3k
116710,Brennan Station,Kimco,"Raleigh, NC",23,Kazu Hibachi,Kazu Hibachi,1350,Other,Other,0-3k
116710,Brennan Station,Kimco,"Raleigh, NC",24,Beow's Books and Brews Café,Beow's Books and Brews Café,2650,Books & Media,Hard Goods,0-3k
116710,Brennan Station,Kimco,"Raleigh, NC",25,Expedia Travel,Expedia Travel,1300,Other,Other,0-3k
116710,Brennan Station,Kimco,"Raleigh, NC",26,Tropical Smoothie Cafe,Tropical Smoothie Cafe,1625,Restaurant,Food,0-3k
116710,Brennan Station,Kimco,"Raleigh, NC",27,Options Medical Weight Loss,Options Medical Weight Loss,1550,Medical,Service,0-3k
116710,Brennan Station,Kimco,"Raleigh, NC",28,El Dorado Mexican Restaurant,El Dorado Mexican Restaurant,3478,Restaurant,Food,3k-10k
116710,Brennan Station,Kimco,"Raleigh, NC",29,Topsail Steamer,Topsail Steamer,1300,Coffee / Dessert,Food,0-3k
116710,Brennan Station,Kimco,"Raleigh, NC",30,Brigs Great Beginninings,Brigs Great Beginninings,2926,Other,Other,0-3k
116710,Brennan Station,Kimco,"Raleigh, NC",31,Dunkin' Donuts,Dunkin' Donuts,1560,Coffee / Dessert,Food,0-3k
116710,Brennan Station,Kimco,"Raleigh, NC",32,Jiffy Lube,Jiffy Lube,2652,Auto Service,Service,0-3k
BRX040,Village Square Shopping Center,Brixmor,"Larchmont, NY",7,Everythings Hair Limited,Everythings Hair Limited,900,Beauty,Soft Goods,0-3k
BRX040,Village Square Shopping Center,Brixmor,"Larchmont, NY",8,Nail House,Nail House,862,Beauty,Soft Goods,0-3k
BRX040,Village Square Shopping Center,Brixmor,"Larchmont, NY",10,Espresso Cafeto,Espresso Cafeto,872,Restaurant,Food,0-3k
TJ_BURLINGTON,Petco / Trader Joe’s center,Unknow,"Burlington, MA",1,Bob Discount Furniture,Bob Discount Furniture,46605,Home Furnishing,Hard Goods,10k+
TJ_BURLINGTON,Petco / Trader Joe’s center,Unknow,"Burlington, MA",2,Petco,Petco,12034,Pet Supply,Hard Goods,10k+
TJ_ACTON,Brookside Shops,Crosspoint Associates,"Acton, MA",2,Talbots,Talbots,,Apparel,Soft Goods,
TJ_ACTON,Brookside Shops,Crosspoint Associates,"Acton, MA",3,Staples,Staples,,Office Supply,Hard Goods,
TJ_ACTON,Brookside Shops,Crosspoint Associates,"Acton, MA",4,X-Golf,X-Golf,,Entertainment Retail,Hard Goods,
TJ_ACTON,Brookside Shops,Crosspoint Associates,"Acton, MA",5,J.Crew Factory,J.Crew Factory,,Apparel,Soft Goods,
TJ_ACTON,Brookside Shops,Crosspoint Associates,"Acton, MA",6,Wonder,Wonder,,Restaurant,Food,
TJ_ACTON,Brookside Shops,Crosspoint Associates,"Acton, MA",7,NY Bagel Factory,NY Bagel Factory,,Restaurant,Food,
TJ_NEWTON,Newton Nexus,Crosspoint Associates,"Newton, MA",2,Marshalls,Marshalls,,Discount Retail,Hard Goods,
TJ_NEWTON,Newton Nexus,Crosspoint Associates,"Newton, MA",3,CVS Pharmacy,CVS Pharmacy,,Medical,Service,
TJ_NEWTON,Newton Nexus,Crosspoint Associates,"Newton, MA",4,Chase Bank,Chase Bank,,Financial,Service,
TJ_NEWTON,Newton Nexus,Crosspoint Associates,"Newton, MA",5,Pure Barre,Pure Barre,,Fitness,Service,
TJ_NEWTON,Newton Nexus,Crosspoint Associates,"Newton, MA",6,Club Pilates,Club Pilates,,Fitness,Service,
TJ_NEWTON,Newton Nexus,Crosspoint Associates,"Newton, MA",7,Five Guys,Five Guys,,Restaurant,Food,
TJ_NEWTON,Newton Nexus,Crosspoint Associates,"Newton, MA",8,Sweetgreen,Sweetgreen,,Restaurant,Food,
TJ_NEWTON,Newton Nexus,Crosspoint Associates,"Newton, MA",9,Pressed Café,Pressed Café,,Restaurant,Food,
TJ_NEWTON,Newton Nexus,Crosspoint Associates,"Newton, MA",10,European Wax Center,European Wax Center,,Personal Service,Service,
TJ_NEWTON,Newton Nexus,Crosspoint Associates,"Newton, MA",11,Lux Bond & Green,Lux Bond & Green,,Apparel,Soft Goods,
TJ_NEWTON,Newton Nexus,Crosspoint Associates,"Newton, MA",12,Restore Hyper Wellness,Restore Hyper Wellness,,Personal Service,Service,
TJ_NEWTON,Newton Nexus,Crosspoint Associates,"Newton, MA",13,AT&T,AT&T,,Telecom,Service,
TJ_NEWTON,Newton Nexus,Crosspoint Associates,"Newton, MA",14,Hollywood Nails & Spa,Hollywood Nails & Spa,,Personal Service,Service,
TJ_NEWTON,Newton Nexus,Crosspoint Associates,"Newton, MA",15,Newton Centre Chiropractic,Newton Centre Chiropractic,,Medical,Service,
TJ_NEWTON,Newton Nexus,Crosspoint Associates,"Newton, MA",16,Cambridge Savings Bank ATM,Cambridge Savings Bank ATM,,Financial,Service,
TJ_CAMBRIDGE_FRESH_POND,Alewife Brook Parkway Shopping Center,Linear Retail Properties,"Cambridge, MA",2,CVS Pharmacy,CVS Pharmacy,,Medical,Service,
TJ_CAMBRIDGE_FRESH_POND,Alewife Brook Parkway Shopping Center,Linear Retail Properties,"Cambridge, MA",3,Chipotle,Chipotle,,Restaurant,Food,
TJ_CAMBRIDGE_FRESH_POND,Alewife Brook Parkway Shopping Center,Linear Retail Properties,"Cambridge, MA",4,T-Mobile,T-Mobile,,Telecom,Service,
TJ_CAMBRIDGE_FRESH_POND,Alewife Brook Parkway Shopping Center,Linear Retail Properties,"Cambridge, MA",5,Sav-Mor Spirits,Sav-Mor Spirits,,Wine / Liquor,Food,
TJ_CAMBRIDGE_FRESH_POND,Alewife Brook Parkway Shopping Center,Linear Retail Properties,"Cambridge, MA",6,Sleepy’s,Sleepy’s,,Home Furnishing,Hard Goods,
TJ_FRAMINGHAM,Staples Plaza,The Hamilton Company,"Framingham, MA",2,Studio Optics,Studio Optics,1000,Medical,Service,0-3k
TJ_FRAMINGHAM,Staples Plaza,The Hamilton Company,"Framingham, MA",3,99 Restaurant,99 Restaurant,4419,Restaurant,Food,3k-10k
TJ_HYANNIS,Christmas Tree Promenade / 655 Iyannough Rd Plaza,CTS FIDUCIARY LLC TR (c/o Turtle Rock LLC),"Hyannis, MA",2,Starbucks,Starbucks,1356,Restaurant,Food,0-3k
TJ_HYANNIS,Christmas Tree Promenade / 655 Iyannough Rd Plaza,CTS FIDUCIARY LLC TR (c/o Turtle Rock LLC),"Hyannis, MA",3,Cardi’s Furniture,Cardi’s Furniture,1946,Home Furnishing,Hard Goods,0-3k
TJ_HYANNIS,Christmas Tree Promenade / 655 Iyannough Rd Plaza,CTS FIDUCIARY LLC TR (c/o Turtle Rock LLC),"Hyannis, MA",4,Best Buy,Best Buy,38688,Electronics,Hard Goods,10k+
TJ_MILFORD,Granite Heights Marketplace,Unknown,"Milford, MA",2,Burlington,Burlington,28000,Discount Retail,Hard Goods,10k+
TJ_SOMERVILLE,Assembly Square,federalrealty,"Somerville, MA",1,Ashley Furniture HomeStore,Ashley Furniture HomeStore,20586,Home Furnishing,Hard Goods,10k+
TJ_SOMERVILLE,Assembly Square,federalrealty,"Somerville, MA",2,World Market,World Market,18361,Home Furnishing,Hard Goods,10k+
TJ_SOMERVILLE,Assembly Square,federalrealty,"Somerville, MA",3,TJ Maxx,TJ Maxx,54480,Discount Retail,Hard Goods,10k+
TJ_SOMERVILLE,Assembly Square,federalrealty,"Somerville, MA",4,Bob's Discount Furniture,Bob's Discount Furniture,38163,Home Furnishing,Hard Goods,10k+
TJ_SOMERVILLE,Assembly Square,federalrealty,"Somerville, MA",5,Burlington,Burlington,45706,Discount Retail,Hard Goods,10k+
TJ_SOMERVILLE,Assembly Square,federalrealty,"Somerville, MA",7,Studio Xfinity,Studio Xfinity,6214,Telecom,Service,3k-10k
TJ_SOMERVILLE,Assembly Square,federalrealty,"Somerville, MA",8,Raymour & Flanigan Furniture,Raymour & Flanigan Furniture,51834,Home Furnishing,Hard Goods,10k+
TJ_SOMERVILLE,Assembly Square,federalrealty,"Somerville, MA",9,Staples,Staples,21800,Office Supply,Hard Goods,10k+
TJ_SOMERVILLE,Assembly Square,federalrealty,"Somerville, MA",10,JPMorgan Chase Bank,JPMorgan Chase Bank,2300,Financial,Service,0-3k
TJ_SOMERVILLE,Assembly Square,federalrealty,"Somerville, MA",11,Starbucks,Starbucks,2133,Restaurant,Food,0-3k
TJ_SOMERVILLE,Assembly Square,federalrealty,"Somerville, MA",12,Tulip Interfaces,Tulip Interfaces,30312,Office Supply,Hard Goods,10k+
TJ_SOMERVILLE,Assembly Square,federalrealty,"Somerville, MA",13,DMG MORI USA,DMG MORI USA,9523,Office Supply,Hard Goods,3k-10k
TJ_PEABODY,Peabody Place,Chase Properties,"Peabody, MA",1,TJ Maxx,TJ Maxx,25020,Discount Retail,Hard Goods,10k+
TJ_PEABODY,Peabody Place,Chase Properties,"Peabody, MA",2,GameStop,GameStop,2086,Electronics,Hard Goods,0-3k
TJ_PEABODY,Peabody Place,Chase Properties,"Peabody, MA",3,Pinspits,Pinspits,1989,Entertainment Retail,Hard Goods,0-3k
TJ_PEABODY,Peabody Place,Chase Properties,"Peabody, MA",4,Carter’s,Carter’s,4466,Apparel,Soft Goods,3k-10k
TJ_PEABODY,Peabody Place,Chase Properties,"Peabody, MA",5,J.Crew Factory,J.Crew Factory,5600,Apparel,Soft Goods,3k-10k
TJ_PEABODY,Peabody Place,Chase Properties,"Peabody, MA",6,Miel Dental Aesthetics,Miel Dental Aesthetics,2080,Medical,Service,0-3k
TJ_PEABODY,Peabody Place,Chase Properties,"Peabody, MA",7,Tokyo Steakhouse,Tokyo Steakhouse,5746,Restaurant,Food,3k-10k
TJ_PEABODY,Peabody Place,Chase Properties,"Peabody, MA",8,AAA Southern New England,AAA Southern New England,2719,Personal Service,Service,0-3k
TJ_PEABODY,Peabody Place,Chase Properties,"Peabody, MA",9,Music and Arts Centers,Music and Arts Centers,3000,Education,Service,3k-10k
TJ_PEABODY,Peabody Place,Chase Properties,"Peabody, MA",11,Five Below,Five Below,14315,Discount Retail,Hard Goods,10k+
TJ_PEABODY,Peabody Place,Chase Properties,"Peabody, MA",12,Burlington,Burlington,38931,Discount Retail,Hard Goods,10k+
TJ_PEABODY,Peabody Place,Chase Properties,"Peabody, MA",13,Santander Bank,Santander Bank,4855,Financial,Service,3k-10k
TJ_PEABODY,Peabody Place,Chase Properties,"Peabody, MA",14,Vitamin Shoppe,Vitamin Shoppe,2740,Personal Service,Service,0-3k
TJ_PEABODY,Peabody Place,Chase Properties,"Peabody, MA",15,Outback Steakhouse,Outback Steakhouse,8600,Restaurant,Food,3k-10k
TJ_PEABODY,Peabody Place,Chase Properties,"Peabody, MA",16,Car Wash,Car Wash,3240,Auto Service,Service,3k-10k
TJ_PEABODY,Peabody Place,Chase Properties,"Peabody, MA",17,At Home (Shadow Anchor),At Home (Shadow Anchor),105000,Home Furnishing,Hard Goods,10k+
TJ_SAUGUS,Shops at Saugus,Regency Centers,"Saugus, MA",2,LA-Z-Boy,LA-Z-Boy,17767,Home Furnishing,Hard Goods,10k+
TJ_SAUGUS,Shops at Saugus,Regency Centers,"Saugus, MA",4,PetSmart,PetSmart,24192,Pet Supply,Hard Goods,10k+
TJ_SAUGUS,Shops at Saugus,Regency Centers,"Saugus, MA",5,5.11 Tactical,5.11 Tactical,5053,Apparel,Soft Goods,3k-10k
TJ_SAUGUS,Shops at Saugus,Regency Centers,"Saugus, MA",6,The Joint,The Joint,1248,Medical,Service,0-3k
TJ_SAUGUS,Shops at Saugus,Regency Centers,"Saugus, MA",7,Supercuts,Supercuts,1200,Personal Service,Service,0-3k
TJ_SAUGUS,Shops at Saugus,Regency Centers,"Saugus, MA",8,Sen Nails,Sen Nails,1600,Personal Service,Service,0-3k
TJ_SAUGUS,Shops at Saugus,Regency Centers,"Saugus, MA",9,Uniq Laser,Uniq Laser,1200,Personal Service,Service,0-3k
TJ_SAUGUS,Shops at Saugus,Regency Centers,"Saugus, MA",10,European Wax Center,European Wax Center,1199,Personal Service,Service,0-3k
TJ_SAUGUS,Shops at Saugus,Regency Centers,"Saugus, MA",11,Massage Envy,Massage Envy,3201,Personal Service,Service,3k-10k
TJ_SAUGUS,Shops at Saugus,Regency Centers,"Saugus, MA",12,Crumbl Cookies,Crumbl Cookies,2000,Restaurant,Food,0-3k
TJ_SAUGUS,Shops at Saugus,Regency Centers,"Saugus, MA",13,Starbucks,Starbucks,1788,Restaurant,Food,0-3k
TJ_SAUGUS,Shops at Saugus,Regency Centers,"Saugus, MA",14,Comcast,Comcast,2200,Telecom,Service,0-3k
TJ_SAUGUS,Shops at Saugus,Regency Centers,"Saugus, MA",15,Lakeshore Learning Store,Lakeshore Learning Store,7352,Education,Service,3k-10k
TJ_SAUGUS,Shops at Saugus,Regency Centers,"Saugus, MA",16,Wingstop,Wingstop,1430,Restaurant,Food,0-3k
TJ_SAUGUS,Shops at Saugus,Regency Centers,"Saugus, MA",17,Harrow’s Chicken Pies,Harrow’s Chicken Pies,1210,Restaurant,Food,0-3k
TJ_SAUGUS,Shops at Saugus,Regency Centers,"Saugus, MA",18,Tropical Smoothie Cafe,Tropical Smoothie Cafe,1210,Restaurant,Food,0-3k
TJ_SAUGUS,Shops at Saugus,Regency Centers,"Saugus, MA",19,Border Cafe,Border Cafe,7350,Restaurant,Food,3k-10k
TJ_SHREWSBURY,77 Boston Turnpike Retail / Medical Space,Eastern Retail Properties,"Shrewsbury, MA",2,Total Wine & More,Total Wine & More,24700,Wine / Liquor,Food,10k+
TJ_SHREWSBURY,77 Boston Turnpike Retail / Medical Space,Eastern Retail Properties,"Shrewsbury, MA",5,FedEx Office,FedEx Office,2360,Office Supply,Hard Goods,0-3k
TJ_SHREWSBURY,77 Boston Turnpike Retail / Medical Space,Eastern Retail Properties,"Shrewsbury, MA",6,The Vitamin Shoppe,The Vitamin Shoppe,2400,Personal Service,Service,0-3k
TJ_SHREWSBURY,77 Boston Turnpike Retail / Medical Space,Eastern Retail Properties,"Shrewsbury, MA",7,Lakeside,Lakeside,2407,Other,Other,0-3k
TJ_SHREWSBURY,77 Boston Turnpike Retail / Medical Space,Eastern Retail Properties,"Shrewsbury, MA",8,Supercuts,Supercuts,1525,Personal Service,Service,0-3k
TJ_SHREWSBURY,77 Boston Turnpike Retail / Medical Space,Eastern Retail Properties,"Shrewsbury, MA",9,Leslie’s Pool Supplies,Leslie’s Pool Supplies,4100,Other,Other,3k-10k
TJ_SHREWSBURY,77 Boston Turnpike Retail / Medical Space,Eastern Retail Properties,"Shrewsbury, MA",10,Bollywood Grill,Bollywood Grill,2440,Restaurant,Food,0-3k
TJ_SHREWSBURY,77 Boston Turnpike Retail / Medical Space,Eastern Retail Properties,"Shrewsbury, MA",12,Chipotle,Chipotle,2400,Restaurant,Food,0-3k
TJ_MA_001,Continuum Allston,Samuels & Associates,"Allston, MA",2,Sloane’s Restaurant,Sloane’s Restaurant,2800,Food,Food,0-3k
TJ_MA_001,Continuum Allston,Samuels & Associates,"Allston, MA",3,Starbucks,Starbucks,3785,Food,Food,3k-10k
TJ_MA_001,Continuum Allston,Samuels & Associates,"Allston, MA",4,Chase Bank,Chase Bank,8324,Service,Service,3k-10k
TJ_MA_001,Continuum Allston,Samuels & Associates,"Allston, MA",5,BKBX fitness,BKBX fitness,2700,Service,Service,0-3k
TJ_MA_002,Trader Joe’s Arlington Heights,NWCA ARLINGTON LLC,"Arlington, MA",2,Walgreens,Walgreens,15876,Soft Goods,Soft Goods,10k+
TJ_MA_002,Trader Joe’s Arlington Heights,NWCA ARLINGTON LLC,"Arlington, MA",3,Starbucks,Starbucks,660,Food,Food,0-3k
TJ_MA_005,Trader Joe’s Boston - West Roxbury,CENTRE STREET HOLDINGS LLC MASS LLC,"Boston, MA",2,Citizens,Citizens,2500,Service,Service,0-3k
TJ_MA_006,Trader Joe’s Boylston St,Oxford Properties,"Boston, MA",2,SoulCycle,SoulCycle,,Service,Service,
TJ_MA_006,Trader Joe’s Boylston St,Oxford Properties,"Boston, MA",3,Juice Press,Juice Press,,Food,Food,
TJ_MA_008,Patriot Place,The Kraft Group,"Foxborough, MA",2,Mass General Brigham,Mass General Brigham,203000,Service,Service,10k+
TJ_MA_008,Patriot Place,The Kraft Group,"Foxborough, MA",3,DANA FARBER,DANA FARBER,34000,Service,Service,10k+
TJ_MA_008,Patriot Place,The Kraft Group,"Foxborough, MA",4,MassGeneral for Children,MassGeneral for Children,9000,Service,Service,3k-10k
TJ_MA_009,Hampshire Mall,Deutsche Bank Trust Co. Americas / Wells Fargo CMBS,"Hadley, MA",2,Target,Target,133506,Hard Goods,Hard Goods,10k+
TJ_MA_009,Hampshire Mall,Deutsche Bank Trust Co. Americas / Wells Fargo CMBS,"Hadley, MA",3,PetSmart,PetSmart,45931,Service,Service,10k+
TJ_MA_009,Hampshire Mall,Deutsche Bank Trust Co. Americas / Wells Fargo CMBS,"Hadley, MA",4,DICK’S SPORTING GOODS,DICK'S Sporting Goods,80163,Soft Goods,Soft Goods,10k+
TJ_MA_009,Hampshire Mall,Deutsche Bank Trust Co. Americas / Wells Fargo CMBS,"Hadley, MA",5,JCPenney,JCPenney,54874,Soft Goods,Soft Goods,10k+
TJ_MA_009,Hampshire Mall,Deutsche Bank Trust Co. Americas / Wells Fargo CMBS,"Hadley, MA",6,Chase Bank,Chase Bank,4807,Service,Service,3k-10k
TJ_MA_009,Hampshire Mall,Deutsche Bank Trust Co. Americas / Wells Fargo CMBS,"Hadley, MA",7,Hampshire Mall,Hampshire Mall,165374,Soft Goods,Soft Goods,10k+
TJ_MA_009,Hampshire Mall,Deutsche Bank Trust Co. Americas / Wells Fargo CMBS,"Hadley, MA",8,Cinemark,Cinemark,62356,Service,Service,10k+
TJ_MA_010,Hanover Crossing,PREP Property Group,"Hanover, MA",2,Market Basket,Market Basket,80000,Grocery,Grocery,10k+
TJ_MA_010,Hanover Crossing,PREP Property Group,"Hanover, MA",3,Macy’s,Macy’s,,Soft Goods,Soft Goods,
TJ_MA_010,Hanover Crossing,PREP Property Group,"Hanover, MA",4,Dick’s Sporting Goods,DICK'S Sporting Goods,,Hard Goods,Hard Goods,
TJ_MA_010,Hanover Crossing,PREP Property Group,"Hanover, MA",5,Petco,Petco,,Hard Goods,Hard Goods,
TJ_MA_010,Hanover Crossing,PREP Property Group,"Hanover, MA",6,Panera Bread,Panera Bread,,Food,Food,
TJ_MA_010,Hanover Crossing,PREP Property Group,"Hanover, MA",7,L.L.Bean,L.L.Bean,,Soft Goods,Soft Goods,
TJ_MA_010,Hanover Crossing,PREP Property Group,"Hanover, MA",8,Old Navy,Old Navy,,Soft Goods,Soft Goods,
TJ_MA_010,Hanover Crossing,PREP Property Group,"Hanover, MA",9,Showcase Cinema,Showcase Cinema,,Other,Other,
TJ_MA_010,Hanover Crossing,PREP Property Group,"Hanover, MA",10,110 Grill,110 Grill,,Food,Food,
TJ_MA_010,Hanover Crossing,PREP Property Group,"Hanover, MA",11,Evviva Trattoria,Evviva Trattoria,,Food,Food,
TJ_MA_011,Trader Joe’s Hingham,HINGHAM LAUNCH PROPERTY LLC,"Hingham, MA",2,Talbots Outlet,Talbots Outlet,18000,Soft Goods,Soft Goods,10k+
TJ_MA_012,Trader Joe’s Needham Heights,"HIGHLAND MONTROSE, LLC","Needham, MA",2,Carewell Urgent Care,Carewell Urgent Care,,Service,Service,
TJ_MA_012,Trader Joe’s Needham Heights,"HIGHLAND MONTROSE, LLC","Needham, MA",3,Harmony Heating & Air Conditioning,Harmony Heating & Air Conditioning,,Service,Service,
TJ_MA_013,Quincy Center Mixed-Use Development,Atlantic Development,"Quincy, MA",2,Chipotle,Chipotle,2510,Food,Food,0-3k
TJ_MA_013,Quincy Center Mixed-Use Development,Atlantic Development,"Quincy, MA",3,Needham Bank,Needham Bank,3020,Service,Service,3k-10k
TJ_MA_014,The Crossing at Walkers Brook,Wilder,"Reading, MA",2,Jordan’s Furniture,Jordan’s Furniture,,Hard Goods,Hard Goods,
TJ_MA_014,The Crossing at Walkers Brook,Wilder,"Reading, MA",3,The Home Depot,The Home Depot,,Hard Goods,Hard Goods,
TJ_MA_014,The Crossing at Walkers Brook,Wilder,"Reading, MA",4,Golf Galaxy,Golf Galaxy,,Hard Goods,Hard Goods,
TJ_MA_014,The Crossing at Walkers Brook,Wilder,"Reading, MA",5,The Paper Store,The Paper Store,,Soft Goods,Soft Goods,
TJ_MA_014,The Crossing at Walkers Brook,Wilder,"Reading, MA",6,Anthony’s Coal Fired Pizza,Anthony’s Coal Fired Pizza,,Food,Food,
TJ_MA_014,The Crossing at Walkers Brook,Wilder,"Reading, MA",7,Starbucks,Starbucks,,Food,Food,
TJ_MA_014,The Crossing at Walkers Brook,Wilder,"Reading, MA",8,Chipotle,Chipotle,,Food,Food,
TJ_MA_014,The Crossing at Walkers Brook,Wilder,"Reading, MA",9,Supercuts,Supercuts,,Service,Service,
TJ_MA_015,Trader Joe’s West Newton / 1121 Washington Street,JACKSON NEWTON LP,"West Newton, MA",2,Loft Office Suites,Loft Office Suites,6000,Service,Service,3k-10k
PE_APACHE_SHOPPES,Apache Shoppes,Phillips Edison & Company,"Rochester, MN",11,Lasker Jewelers,Lasker Jewelers,3000,Jewelry,Hard Goods,0-3k
PE_APACHE_SHOPPES,Apache Shoppes,Phillips Edison & Company,"Rochester, MN",150,TerraLoco Running & Yoga,TerraLoco Running & Yoga,3775,Sporting Goods,Hard Goods,3k-10k
PE_APACHE_SHOPPES,Apache Shoppes,Phillips Edison & Company,"Rochester, MN",200,Verizon,Verizon,2890,Office/Tech,Service,0-3k
PE_APACHE_SHOPPES,Apache Shoppes,Phillips Edison & Company,"Rochester, MN",400,UC Nails,UC Nails,1232,Beauty,Service,0-3k
PE_APACHE_SHOPPES,Apache Shoppes,Phillips Edison & Company,"Rochester, MN",400A,Hot Chip Burger Bar (Storage),Hot Chip Burger Bar (Storage),142,Restaurant Storage,Food,0-3k
PE_APACHE_SHOPPES,Apache Shoppes,Phillips Edison & Company,"Rochester, MN",600,Hot Chip Burger Bar,Hot Chip Burger Bar,4002,Restaurant,Food,3k-10k
PE_APACHE_SHOPPES,Apache Shoppes,Phillips Edison & Company,"Rochester, MN",1220,Erik's Bike Shop,Erik's Bike Shop,7950,Sporting Goods,Hard Goods,3k-10k
PE_APACHE_SHOPPES,Apache Shoppes,Phillips Edison & Company,"Rochester, MN",1250,Sierra,Sierra,18540,Apparel,Soft Goods,10k+
PE_CORONADO_CENTER,Coronado Center,Phillips Edison & Company,"Santa Fe, NM",504,New Mexico Bike N Sport,New Mexico Bike N Sport,14200,Sporting Goods,Hard Goods,10k+
PE_CORONADO_CENTER,Coronado Center,Phillips Edison & Company,"Santa Fe, NM",510,Sleep & Dream,Sleep & Dream,3860,Furnishings,Hard Goods,3k-10k
PE_CORONADO_CENTER,Coronado Center,Phillips Edison & Company,"Santa Fe, NM",518-B,Wild Birds Unlimited,Wild Birds Unlimited,3000,Pet Stores,Hard Goods,0-3k
PE_CORONADO_CENTER,Coronado Center,Phillips Edison & Company,"Santa Fe, NM",524-C,Linda's Nails,Linda's Nails,1600,Beauty,Service,0-3k
PE_CORONADO_CENTER,Coronado Center,Phillips Edison & Company,"Santa Fe, NM",540-B,The Joint,The Joint,1000,Medical,Service,0-3k
PE_CORONADO_CENTER,Coronado Center,Phillips Edison & Company,"Santa Fe, NM",504A,The New Baking Company,The New Baking Company,4500,Coffee/Dessert,Food,3k-10k
PE_CORONADO_CENTER,Coronado Center,Phillips Edison & Company,"Santa Fe, NM",514,Fun Noodle Bar,Fun Noodle Bar,2640,Restaurant,Food,0-3k
PE_CORONADO_CENTER,Coronado Center,Phillips Edison & Company,"Santa Fe, NM",522,Empire Sushi Buffet,Empire Sushi Buffet,10770,Restaurant,Food,10k+
PE_CORONADO_CENTER,Coronado Center,Phillips Edison & Company,"Santa Fe, NM",524-D,O'Reilly Auto Parts,O'Reilly Auto Parts,6071,Auto Parts,Hard Goods,3k-10k
PE_CORONADO_CENTER,Coronado Center,Phillips Edison & Company,"Santa Fe, NM",530-2,J. Crew Factory,J.Crew Factory,4183,Apparel,Soft Goods,3k-10k
PE_CORONADO_CENTER,Coronado Center,Phillips Edison & Company,"Santa Fe, NM",540-C,Subway,Subway,1250,Restaurant,Food,0-3k
PE_CORONADO_CENTER,Coronado Center,Phillips Edison & Company,"Santa Fe, NM",506,Marty's Meals,Marty's Meals,7771,Restaurant,Food,3k-10k
PE_CORONADO_CENTER,Coronado Center,Phillips Edison & Company,"Santa Fe, NM",516,Orangetheory Fitness,Orangetheory Fitness,2640,Fitness,Service,0-3k
PE_CORONADO_CENTER,Coronado Center,Phillips Edison & Company,"Santa Fe, NM",524-A,Nothing Bundt Cakes,Nothing Bundt Cakes,3000,Coffee/Dessert,Food,0-3k
PE_CORONADO_CENTER,Coronado Center,Phillips Edison & Company,"Santa Fe, NM",530-3,Great Clips,Great Clips,900,Beauty,Service,0-3k
PE_CORONADO_CENTER,Coronado Center,Phillips Edison & Company,"Santa Fe, NM",518-A,Dollar Tree,Dollar Tree,10300,Discount Retail,Hard Goods,10k+
PE_CORONADO_CENTER,Coronado Center,Phillips Edison & Company,"Santa Fe, NM",524-B,Trove Beauty - Alpha Bar,Trove Beauty - Alpha Bar,3220,Beauty,Service,3k-10k
PE_CORONADO_CENTER,Coronado Center,Phillips Edison & Company,"Santa Fe, NM",528B,AT&T,AT&T,5423,Office/Tech,Service,3k-10k
PE_CORONADO_CENTER,Coronado Center,Phillips Edison & Company,"Santa Fe, NM",540-A,First National Bank of Santa Fe,First National Bank of Santa Fe,2750,Bank,Service,0-3k
PE_TRADER_JOES_CENTER,Trader Joe's Center,Phillips Edison & Company,"Dublin, OH",6301,Comfort Dental,Comfort Dental,3400,Medical,Service,3k-10k
PE_TRADER_JOES_CENTER,Trader Joe's Center,Phillips Edison & Company,"Dublin, OH",6305,Funky Scissors,Funky Scissors,1440,Beauty,Service,0-3k
PE_TRADER_JOES_CENTER,Trader Joe's Center,Phillips Edison & Company,"Dublin, OH",6307,H&B Nail Spa,H&B Nail Spa,3360,Beauty,Service,3k-10k
PE_TRADER_JOES_CENTER,Trader Joe's Center,Phillips Edison & Company,"Dublin, OH",6313,Melt 'n Dip,Melt 'n Dip,2560,Coffee/Dessert,Food,0-3k
PE_TRADER_JOES_CENTER,Trader Joe's Center,Phillips Edison & Company,"Dublin, OH",6315,Sola Salon Studios,Sola Salon Studios,5042,Beauty,Service,3k-10k
PE_TRADER_JOES_CENTER,Trader Joe's Center,Phillips Edison & Company,"Dublin, OH",6321,Rettig Music,Rettig Music,2800,Music Store,Hard Goods,0-3k
PE_TRADER_JOES_CENTER,Trader Joe's Center,Phillips Edison & Company,"Dublin, OH",6325,Yummy Bakery,Yummy Bakery,1400,Coffee/Dessert,Food,0-3k
PE_TRADER_JOES_CENTER,Trader Joe's Center,Phillips Edison & Company,"Dublin, OH",6327,Little Diggers,Little Diggers,3000,Entertainment,Service,0-3k
PE_TRADER_JOES_CENTER,Trader Joe's Center,Phillips Edison & Company,"Dublin, OH",6331,Nissin Travel,Nissin Travel,5380,Travel Service,Service,3k-10k
PE_TRADER_JOES_CENTER,Trader Joe's Center,Phillips Edison & Company,"Dublin, OH",6339,Wendy's Bridal Shoppes,Wendy's Bridal Shoppes,6705,Apparel,Soft Goods,3k-10k
PE_TRADER_JOES_CENTER,Trader Joe's Center,Phillips Edison & Company,"Dublin, OH",6347,Ideal Image,Ideal Image,3200,Beauty,Service,3k-10k
PE_TRADER_JOES_CENTER,Trader Joe's Center,Phillips Edison & Company,"Dublin, OH",6351,Parry Custom Homes,Parry Custom Homes,2400,Home Services,Service,0-3k
PE_TRADER_JOES_CENTER,Trader Joe's Center,Phillips Edison & Company,"Dublin, OH",6367A,Hippie Hut,Hippie Hut,2876,Other Retail,Other,0-3k
PE_TRADER_JOES_CENTER,Trader Joe's Center,Phillips Edison & Company,"Dublin, OH",6367B,Vivi Bubble Tea,Vivi Bubble Tea,1600,Coffee/Dessert,Food,0-3k
PE_TRADER_JOES_CENTER,Trader Joe's Center,Phillips Edison & Company,"Dublin, OH",6377,Bikanervala,Bikanervala,2800,Restaurant,Food,0-3k
PE_TRADER_JOES_CENTER,Trader Joe's Center,Phillips Edison & Company,"Dublin, OH",6381,Pinot's Palette,Pinot's Palette,2845,Entertainment,Service,0-3k
PE_TRADER_JOES_CENTER,Trader Joe's Center,Phillips Edison & Company,"Dublin, OH",6385,CosmoProf,CosmoProf,3000,Beauty Supply,Hard Goods,0-3k
PE_TRADER_JOES_CENTER,Trader Joe's Center,Phillips Edison & Company,"Dublin, OH",6389,H&R Block,H&R Block,1600,Financial/Tax Service,Service,0-3k
PE_TRADER_JOES_CENTER,Trader Joe's Center,Phillips Edison & Company,"Dublin, OH",6391,Romanoff's Classic Tuxedo,Romanoff's Classic Tuxedo,1600,Apparel,Soft Goods,0-3k
PE_TRADER_JOES_CENTER,Trader Joe's Center,Phillips Edison & Company,"Dublin, OH",6393,Vincenzo's,Vincenzo's,2000,Restaurant,Food,0-3k
PE_VINEYARD_CENTER,Vineyard Center,Phillips Edison & Company,"Templeton, CA",1121A,Sinton & Sons - Local Meat and Provisions,Sinton & Sons - Local Meat and Provisions,1338,Specialty Food,Food,0-3k
PE_VINEYARD_CENTER,Vineyard Center,Phillips Edison & Company,"Templeton, CA",1121D,Cedar and Oak Salon,Cedar and Oak Salon,1212,Beauty,Service,0-3k
PE_VINEYARD_CENTER,Vineyard Center,Phillips Edison & Company,"Templeton, CA",1121E,Maddie Mae's Pet Pantry,Maddie Mae's Pet Pantry,1117,Pet Stores,Hard Goods,0-3k
PE_VINEYARD_CENTER,Vineyard Center,Phillips Edison & Company,"Templeton, CA",1131A,Pier 46 Seafood,Pier 46 Seafood,1300,Specialty Food,Food,0-3k
PE_VINEYARD_CENTER,Vineyard Center,Phillips Edison & Company,"Templeton, CA",1131B,Templeton Nails,Templeton Nails,1049,Beauty,Service,0-3k
