Rank,Tenant,Appears in TJ Centers,Tenant Rows Count,Primary Categoriey,Name Variants in CSV,Example / Matching Centers,Project IDs
1,Starbucks,6,6,Restaurant; Food,Starbucks (6),"Christmas Tree Promenade / 655 Iyannough Rd Plaza (Hyannis, MA); Continuum Allston (Allston, MA); Trader Joe’s Arlington Heights (Arlington, MA); The Crossing at Walkers Brook (Reading, MA); Shops at Saugus (Saugus, MA); Assembly Square (Somerville, MA)",TJ_HYANNIS; TJ_MA_001; TJ_MA_002; TJ_MA_014; TJ_SAUGUS; TJ_SOMERVILLE
2,Chipotle,4,4,Restaurant; Food,Chipotle (4),"Alewife Brook Parkway Shopping Center (Cambridge, MA); Quincy Center Mixed-Use Development (Quincy, MA); The Crossing at Walkers Brook (Reading, MA); 77 Boston Turnpike Retail / Medical Space (Shrewsbury, MA)",TJ_CAMBRIDGE_FRESH_POND; TJ_MA_013; TJ_MA_014; TJ_SHREWSBURY
3,J.Crew Factory,4,4,Apparel; Other,J.Crew Factory (3); J. Crew Factory,"Highland Lakes Plaza (Palm Harbor, FL); Coronado Center (Santa Fe, NM); Brookside Shops (Acton, MA); Peabody Place (Peabody, MA)",125240; PE_CORONADO_CENTER; TJ_ACTON; TJ_PEABODY
4,Burlington,3,3,Discount Retail,Burlington (3),"Granite Heights Marketplace (Milford, MA); Peabody Place (Peabody, MA); Assembly Square (Somerville, MA)",TJ_MILFORD; TJ_PEABODY; TJ_SOMERVILLE
5,Chase Bank,3,3,Service; Financial,Chase Bank (3),"Continuum Allston (Allston, MA); Hampshire Mall (Hadley, MA); Newton Nexus (Newton, MA)",TJ_MA_001; TJ_MA_009; TJ_NEWTON
6,Supercuts,3,3,Personal Service; Service,Supercuts (3),"The Crossing at Walkers Brook (Reading, MA); Shops at Saugus (Saugus, MA); 77 Boston Turnpike Retail / Medical Space (Shrewsbury, MA)",TJ_MA_014; TJ_SAUGUS; TJ_SHREWSBURY
7,AT&T,2,2,Telecom; Office/Tech,AT&T (2),"Coronado Center (Santa Fe, NM); Newton Nexus (Newton, MA)",PE_CORONADO_CENTER; TJ_NEWTON
8,CVS Pharmacy,2,2,Medical,CVS Pharmacy (2),"Alewife Brook Parkway Shopping Center (Cambridge, MA); Newton Nexus (Newton, MA)",TJ_CAMBRIDGE_FRESH_POND; TJ_NEWTON
9,DICK'S Sporting Goods,2,2,Soft Goods; Hard Goods,DICK’S SPORTING GOODS; Dick’s Sporting Goods,"Hampshire Mall (Hadley, MA); Hanover Crossing (Hanover, MA)",TJ_MA_009; TJ_MA_010
10,Dollar Tree,2,2,Discount Retail,Dollar Tree (2),"Brennan Station (Raleigh, NC); Coronado Center (Santa Fe, NM)",116710; PE_CORONADO_CENTER
11,European Wax Center,2,2,Personal Service,European Wax Center (2),"Newton Nexus (Newton, MA); Shops at Saugus (Saugus, MA)",TJ_NEWTON; TJ_SAUGUS
12,Five Guys,2,2,Restaurant,Five Guys Burgers and Fries; Five Guys,"Brennan Station (Raleigh, NC); Newton Nexus (Newton, MA)",116710; TJ_NEWTON
13,Massage Envy,2,2,Personal Service,Massage Envy (2),"Memorial Plaza (Cambridge, MA); Shops at Saugus (Saugus, MA)",117210; TJ_SAUGUS
14,Orangetheory Fitness,2,2,Fitness,Orangetheory Fitness (2),"Highland Lakes Plaza (Palm Harbor, FL); Coronado Center (Santa Fe, NM)",125240; PE_CORONADO_CENTER
15,Petco,2,2,Pet Supply; Hard Goods,Petco (2),"Petco / Trader Joe’s center (Burlington, MA); Hanover Crossing (Hanover, MA)",TJ_BURLINGTON; TJ_MA_010
16,PetSmart,2,2,Pet Supply; Service,PetSmart (2),"Hampshire Mall (Hadley, MA); Shops at Saugus (Saugus, MA)",TJ_MA_009; TJ_SAUGUS
17,Sola Salon Studios,2,2,Beauty,Sola Salon Studios (2),"Brennan Station (Raleigh, NC); Trader Joe's Center (Dublin, OH)",116710; PE_TRADER_JOES_CENTER
18,Staples,2,2,Office Supply,Staples (2),"Brookside Shops (Acton, MA); Assembly Square (Somerville, MA)",TJ_ACTON; TJ_SOMERVILLE
19,The Joint,2,2,Medical,The Joint (2),"Coronado Center (Santa Fe, NM); Shops at Saugus (Saugus, MA)",PE_CORONADO_CENTER; TJ_SAUGUS
20,TJ Maxx,2,2,Discount Retail,TJ Maxx (2),"Peabody Place (Peabody, MA); Assembly Square (Somerville, MA)",TJ_PEABODY; TJ_SOMERVILLE
21,Tropical Smoothie Cafe,2,2,Restaurant,Tropical Smoothie Cafe (2),"Brennan Station (Raleigh, NC); Shops at Saugus (Saugus, MA)",116710; TJ_SAUGUS
22,110 Grill,1,1,Food,110 Grill,"Hanover Crossing (Hanover, MA)",TJ_MA_010
23,5.11 Tactical,1,1,Apparel,5.11 Tactical,"Shops at Saugus (Saugus, MA)",TJ_SAUGUS
24,99 Restaurant,1,1,Restaurant,99 Restaurant,"Staples Plaza (Framingham, MA)",TJ_FRAMINGHAM
25,AAA Southern New England,1,1,Personal Service,AAA Southern New England,"Peabody Place (Peabody, MA)",TJ_PEABODY
26,Anna's Massage Therapy,1,1,Medical,Anna's Massage Therapy,"Highland Lakes Plaza (Palm Harbor, FL)",125240
27,Anthony’s Coal Fired Pizza,1,1,Food,Anthony’s Coal Fired Pizza,"The Crossing at Walkers Brook (Reading, MA)",TJ_MA_014
28,Ashley Furniture HomeStore,1,1,Home Furnishing,Ashley Furniture HomeStore,"Assembly Square (Somerville, MA)",TJ_SOMERVILLE
29,At Home (Shadow Anchor),1,1,Home Furnishing,At Home (Shadow Anchor),"Peabody Place (Peabody, MA)",TJ_PEABODY
30,Barnes & Noble,1,1,Books & Media,Barnes & Noble,"Highland Lakes Plaza (Palm Harbor, FL)",125240
31,Beow's Books and Brews Café,1,1,Books & Media,Beow's Books and Brews Café,"Brennan Station (Raleigh, NC)",116710
32,Best Buy,1,1,Electronics,Best Buy,"Christmas Tree Promenade / 655 Iyannough Rd Plaza (Hyannis, MA)",TJ_HYANNIS
33,Bikanervala,1,1,Restaurant,Bikanervala,"Trader Joe's Center (Dublin, OH)",PE_TRADER_JOES_CENTER
34,BKBX fitness,1,1,Service,BKBX fitness,"Continuum Allston (Allston, MA)",TJ_MA_001
35,Bob Discount Furniture,1,1,Home Furnishing,Bob Discount Furniture,"Petco / Trader Joe’s center (Burlington, MA)",TJ_BURLINGTON
36,Bob's Discount Furniture,1,1,Home Furnishing,Bob's Discount Furniture,"Assembly Square (Somerville, MA)",TJ_SOMERVILLE
37,Bodybar Pilates,1,1,Fitness,Bodybar Pilates,"Brennan Station (Raleigh, NC)",116710
38,Bollywood Grill,1,1,Restaurant,Bollywood Grill,"77 Boston Turnpike Retail / Medical Space (Shrewsbury, MA)",TJ_SHREWSBURY
39,Border Cafe,1,1,Restaurant,Border Cafe,"Shops at Saugus (Saugus, MA)",TJ_SAUGUS
40,Brigs Great Beginninings,1,1,Other,Brigs Great Beginninings,"Brennan Station (Raleigh, NC)",116710
41,Cambridge Savings Bank ATM,1,1,Financial,Cambridge Savings Bank ATM,"Newton Nexus (Newton, MA)",TJ_NEWTON
42,Car Wash,1,1,Auto Service,Car Wash,"Peabody Place (Peabody, MA)",TJ_PEABODY
43,Cardi’s Furniture,1,1,Home Furnishing,Cardi’s Furniture,"Christmas Tree Promenade / 655 Iyannough Rd Plaza (Hyannis, MA)",TJ_HYANNIS
44,Carewell Urgent Care,1,1,Service,Carewell Urgent Care,"Trader Joe’s Needham Heights (Needham, MA)",TJ_MA_012
45,Carter’s,1,1,Apparel,Carter’s,"Peabody Place (Peabody, MA)",TJ_PEABODY
46,Cedar and Oak Salon,1,1,Beauty,Cedar and Oak Salon,"Vineyard Center (Templeton, CA)",PE_VINEYARD_CENTER
47,Cinemark,1,1,Service,Cinemark,"Hampshire Mall (Hadley, MA)",TJ_MA_009
48,Citizens,1,1,Service,Citizens,"Trader Joe’s Boston - West Roxbury (Boston, MA)",TJ_MA_005
49,Club Pilates,1,1,Fitness,Club Pilates,"Newton Nexus (Newton, MA)",TJ_NEWTON
50,Code Ninjas,1,1,Other,Code Ninjas,"Highland Lakes Plaza (Palm Harbor, FL)",125240
51,Comcast,1,1,Telecom,Comcast,"Shops at Saugus (Saugus, MA)",TJ_SAUGUS
52,Comfort Dental,1,1,Medical,Comfort Dental,"Trader Joe's Center (Dublin, OH)",PE_TRADER_JOES_CENTER
53,Conte's Bike Shop,1,1,Other,Conte's Bike Shop,"Brennan Station (Raleigh, NC)",116710
54,CosmoProf,1,1,Beauty Supply,CosmoProf,"Trader Joe's Center (Dublin, OH)",PE_TRADER_JOES_CENTER
55,Costa Vida,1,1,Other,Costa Vida,"Highland Lakes Plaza (Palm Harbor, FL)",125240
56,Crumbl Cookies,1,1,Restaurant,Crumbl Cookies,"Shops at Saugus (Saugus, MA)",TJ_SAUGUS
57,DANA FARBER,1,1,Service,DANA FARBER,"Patriot Place (Foxborough, MA)",TJ_MA_008
58,DMG MORI USA,1,1,Office Supply,DMG MORI USA,"Assembly Square (Somerville, MA)",TJ_SOMERVILLE
59,Dunkin' Donuts,1,1,Coffee / Dessert,Dunkin' Donuts,"Brennan Station (Raleigh, NC)",116710
60,El Dorado Mexican Restaurant,1,1,Restaurant,El Dorado Mexican Restaurant,"Brennan Station (Raleigh, NC)",116710
61,Empire Sushi Buffet,1,1,Restaurant,Empire Sushi Buffet,"Coronado Center (Santa Fe, NM)",PE_CORONADO_CENTER
62,Erik's Bike Shop,1,1,Sporting Goods,Erik's Bike Shop,"Apache Shoppes (Rochester, MN)",PE_APACHE_SHOPPES
63,Espresso Cafeto,1,1,Restaurant,Espresso Cafeto,"Village Square Shopping Center (Larchmont, NY)",BRX040
64,Everythings Hair Limited,1,1,Beauty,Everythings Hair Limited,"Village Square Shopping Center (Larchmont, NY)",BRX040
65,Evviva Trattoria,1,1,Food,Evviva Trattoria,"Hanover Crossing (Hanover, MA)",TJ_MA_010
66,Expedia Travel,1,1,Other,Expedia Travel,"Brennan Station (Raleigh, NC)",116710
67,Famous Footwear,1,1,Footwear,Famous Footwear,"Highland Lakes Plaza (Palm Harbor, FL)",125240
68,FedEx Office,1,1,Office Supply,FedEx Office,"77 Boston Turnpike Retail / Medical Space (Shrewsbury, MA)",TJ_SHREWSBURY
69,First National Bank of Santa Fe,1,1,Bank,First National Bank of Santa Fe,"Coronado Center (Santa Fe, NM)",PE_CORONADO_CENTER
70,Five Below,1,1,Discount Retail,Five Below,"Peabody Place (Peabody, MA)",TJ_PEABODY
71,Fun Noodle Bar,1,1,Restaurant,Fun Noodle Bar,"Coronado Center (Santa Fe, NM)",PE_CORONADO_CENTER
72,Funky Scissors,1,1,Beauty,Funky Scissors,"Trader Joe's Center (Dublin, OH)",PE_TRADER_JOES_CENTER
73,GameStop,1,1,Electronics,GameStop,"Peabody Place (Peabody, MA)",TJ_PEABODY
74,Golf Galaxy,1,1,Hard Goods,Golf Galaxy,"The Crossing at Walkers Brook (Reading, MA)",TJ_MA_014
75,Great Clips,1,1,Beauty,Great Clips,"Coronado Center (Santa Fe, NM)",PE_CORONADO_CENTER
76,H&B Nail Spa,1,1,Beauty,H&B Nail Spa,"Trader Joe's Center (Dublin, OH)",PE_TRADER_JOES_CENTER
77,H&R Block,1,1,Financial/Tax Service,H&R Block,"Trader Joe's Center (Dublin, OH)",PE_TRADER_JOES_CENTER
78,Hampshire Mall,1,1,Soft Goods,Hampshire Mall,"Hampshire Mall (Hadley, MA)",TJ_MA_009
79,Harmony Heating & Air Conditioning,1,1,Service,Harmony Heating & Air Conditioning,"Trader Joe’s Needham Heights (Needham, MA)",TJ_MA_012
80,Harrow’s Chicken Pies,1,1,Restaurant,Harrow’s Chicken Pies,"Shops at Saugus (Saugus, MA)",TJ_SAUGUS
81,Hippie Hut,1,1,Other Retail,Hippie Hut,"Trader Joe's Center (Dublin, OH)",PE_TRADER_JOES_CENTER
82,Hollywood Nails & Spa,1,1,Personal Service,Hollywood Nails & Spa,"Newton Nexus (Newton, MA)",TJ_NEWTON
83,Hot Chip Burger Bar,1,1,Restaurant,Hot Chip Burger Bar,"Apache Shoppes (Rochester, MN)",PE_APACHE_SHOPPES
84,Hot Chip Burger Bar (Storage),1,1,Restaurant Storage,Hot Chip Burger Bar (Storage),"Apache Shoppes (Rochester, MN)",PE_APACHE_SHOPPES
85,Hummus Republic,1,1,Other,Hummus Republic,"Brennan Station (Raleigh, NC)",116710
86,Huntington Learning Center,1,1,Education,Huntington Learning Center,"Brennan Station (Raleigh, NC)",116710
87,Ideal Image,1,1,Beauty,Ideal Image,"Trader Joe's Center (Dublin, OH)",PE_TRADER_JOES_CENTER
88,IVX Health,1,1,Medical,IVX Health,"Highland Lakes Plaza (Palm Harbor, FL)",125240
89,JCPenney,1,1,Soft Goods,JCPenney,"Hampshire Mall (Hadley, MA)",TJ_MA_009
90,Jersey Mike's Subs,1,1,Restaurant,Jersey Mike's Subs,"Brennan Station (Raleigh, NC)",116710
91,Jiffy Lube,1,1,Auto Service,Jiffy Lube,"Brennan Station (Raleigh, NC)",116710
92,Jordan’s Furniture,1,1,Hard Goods,Jordan’s Furniture,"The Crossing at Walkers Brook (Reading, MA)",TJ_MA_014
93,JPMorgan Chase Bank,1,1,Financial,JPMorgan Chase Bank,"Assembly Square (Somerville, MA)",TJ_SOMERVILLE
94,Juice Press,1,1,Food,Juice Press,"Trader Joe’s Boylston St (Boston, MA)",TJ_MA_006
95,Kazu Hibachi,1,1,Other,Kazu Hibachi,"Brennan Station (Raleigh, NC)",116710
96,L.L.Bean,1,1,Soft Goods,L.L.Bean,"Hanover Crossing (Hanover, MA)",TJ_MA_010
97,LA-Z-Boy,1,1,Home Furnishing,LA-Z-Boy,"Shops at Saugus (Saugus, MA)",TJ_SAUGUS
98,Lakeshore Learning Store,1,1,Education,Lakeshore Learning Store,"Shops at Saugus (Saugus, MA)",TJ_SAUGUS
99,Lakeside,1,1,Other,Lakeside,"77 Boston Turnpike Retail / Medical Space (Shrewsbury, MA)",TJ_SHREWSBURY
100,Lasker Jewelers,1,1,Jewelry,Lasker Jewelers,"Apache Shoppes (Rochester, MN)",PE_APACHE_SHOPPES
101,Leslie’s Pool Supplies,1,1,Other,Leslie’s Pool Supplies,"77 Boston Turnpike Retail / Medical Space (Shrewsbury, MA)",TJ_SHREWSBURY
102,Linda's Nails,1,1,Beauty,Linda's Nails,"Coronado Center (Santa Fe, NM)",PE_CORONADO_CENTER
103,Little Diggers,1,1,Entertainment,Little Diggers,"Trader Joe's Center (Dublin, OH)",PE_TRADER_JOES_CENTER
104,Loft Office Suites,1,1,Service,Loft Office Suites,"Trader Joe’s West Newton / 1121 Washington Street (West Newton, MA)",TJ_MA_015
105,Lux Bond & Green,1,1,Apparel,Lux Bond & Green,"Newton Nexus (Newton, MA)",TJ_NEWTON
106,Lux Nails & Spa,1,1,Beauty,Lux Nails & Spa,"Brennan Station (Raleigh, NC)",116710
107,Macy’s,1,1,Soft Goods,Macy’s,"Hanover Crossing (Hanover, MA)",TJ_MA_010
108,Maddie Mae's Pet Pantry,1,1,Pet Stores,Maddie Mae's Pet Pantry,"Vineyard Center (Templeton, CA)",PE_VINEYARD_CENTER
109,Margaux's Restaurant,1,1,Restaurant,Margaux's Restaurant,"Brennan Station (Raleigh, NC)",116710
110,Market Basket,1,1,Grocery,Market Basket,"Hanover Crossing (Hanover, MA)",TJ_MA_010
111,Marshalls,1,1,Discount Retail,Marshalls,"Newton Nexus (Newton, MA)",TJ_NEWTON
112,Marty's Meals,1,1,Restaurant,Marty's Meals,"Coronado Center (Santa Fe, NM)",PE_CORONADO_CENTER
113,Mass General Brigham,1,1,Service,Mass General Brigham,"Patriot Place (Foxborough, MA)",TJ_MA_008
114,MassGeneral for Children,1,1,Service,MassGeneral for Children,"Patriot Place (Foxborough, MA)",TJ_MA_008
115,Melt 'n Dip,1,1,Coffee/Dessert,Melt 'n Dip,"Trader Joe's Center (Dublin, OH)",PE_TRADER_JOES_CENTER
116,Melt Well Sauna and [...],1,1,Other,Melt Well Sauna and [...],"Brennan Station (Raleigh, NC)",116710
117,Michaels,1,1,Crafts,Michaels,"Highland Lakes Plaza (Palm Harbor, FL)",125240
118,Micro Center,1,1,Other,Micro Center,"Memorial Plaza (Cambridge, MA)",117210
119,Miel Dental Aesthetics,1,1,Medical,Miel Dental Aesthetics,"Peabody Place (Peabody, MA)",TJ_PEABODY
120,Moe's Southwest Grill,1,1,Restaurant,Moe's Southwest Grill,"Brennan Station (Raleigh, NC)",116710
121,Music and Arts Centers,1,1,Education,Music and Arts Centers,"Peabody Place (Peabody, MA)",TJ_PEABODY
122,Nail House,1,1,Beauty,Nail House,"Village Square Shopping Center (Larchmont, NY)",BRX040
123,Nancy's Pizza,1,1,Restaurant,Nancy's Pizza,"Brennan Station (Raleigh, NC)",116710
124,Needham Bank,1,1,Service,Needham Bank,"Quincy Center Mixed-Use Development (Quincy, MA)",TJ_MA_013
125,New Mexico Bike N Sport,1,1,Sporting Goods,New Mexico Bike N Sport,"Coronado Center (Santa Fe, NM)",PE_CORONADO_CENTER
126,Newton Centre Chiropractic,1,1,Medical,Newton Centre Chiropractic,"Newton Nexus (Newton, MA)",TJ_NEWTON
127,Nissin Travel,1,1,Travel Service,Nissin Travel,"Trader Joe's Center (Dublin, OH)",PE_TRADER_JOES_CENTER
128,Nothing Bundt Cakes,1,1,Coffee/Dessert,Nothing Bundt Cakes,"Coronado Center (Santa Fe, NM)",PE_CORONADO_CENTER
129,NY Bagel Factory,1,1,Restaurant,NY Bagel Factory,"Brookside Shops (Acton, MA)",TJ_ACTON
130,O'Reilly Auto Parts,1,1,Auto Parts,O'Reilly Auto Parts,"Coronado Center (Santa Fe, NM)",PE_CORONADO_CENTER
131,Office Depot,1,1,Office Supply,Office Depot,"Brennan Station (Raleigh, NC)",116710
132,Old Navy,1,1,Soft Goods,Old Navy,"Hanover Crossing (Hanover, MA)",TJ_MA_010
133,Options Medical Weight Loss,1,1,Medical,Options Medical Weight Loss,"Brennan Station (Raleigh, NC)",116710
134,Outback Steakhouse,1,1,Restaurant,Outback Steakhouse,"Peabody Place (Peabody, MA)",TJ_PEABODY
135,Panera Bread,1,1,Food,Panera Bread,"Hanover Crossing (Hanover, MA)",TJ_MA_010
136,Parry Custom Homes,1,1,Home Services,Parry Custom Homes,"Trader Joe's Center (Dublin, OH)",PE_TRADER_JOES_CENTER
137,Perspire Sauna Studio,1,1,Other,Perspire Sauna Studio,"Highland Lakes Plaza (Palm Harbor, FL)",125240
138,Pier 46 Seafood,1,1,Specialty Food,Pier 46 Seafood,"Vineyard Center (Templeton, CA)",PE_VINEYARD_CENTER
139,Pinot's Palette,1,1,Entertainment,Pinot's Palette,"Trader Joe's Center (Dublin, OH)",PE_TRADER_JOES_CENTER
140,Pinspits,1,1,Entertainment Retail,Pinspits,"Peabody Place (Peabody, MA)",TJ_PEABODY
141,Pressed Café,1,1,Restaurant,Pressed Café,"Newton Nexus (Newton, MA)",TJ_NEWTON
142,Pure Barre,1,1,Fitness,Pure Barre,"Newton Nexus (Newton, MA)",TJ_NEWTON
143,Raymour & Flanigan Furniture,1,1,Home Furnishing,Raymour & Flanigan Furniture,"Assembly Square (Somerville, MA)",TJ_SOMERVILLE
144,Relax Foot Massage,1,1,Personal Service,Relax Foot Massage,"Brennan Station (Raleigh, NC)",116710
145,Restore Hyper Wellness,1,1,Personal Service,Restore Hyper Wellness,"Newton Nexus (Newton, MA)",TJ_NEWTON
146,Rettig Music,1,1,Music Store,Rettig Music,"Trader Joe's Center (Dublin, OH)",PE_TRADER_JOES_CENTER
147,Romanoff's Classic Tuxedo,1,1,Apparel,Romanoff's Classic Tuxedo,"Trader Joe's Center (Dublin, OH)",PE_TRADER_JOES_CENTER
148,Santander Bank,1,1,Financial,Santander Bank,"Peabody Place (Peabody, MA)",TJ_PEABODY
149,Sav-Mor Spirits,1,1,Wine / Liquor,Sav-Mor Spirits,"Alewife Brook Parkway Shopping Center (Cambridge, MA)",TJ_CAMBRIDGE_FRESH_POND
150,Sen Nails,1,1,Personal Service,Sen Nails,"Shops at Saugus (Saugus, MA)",TJ_SAUGUS
151,Showcase Cinema,1,1,Other,Showcase Cinema,"Hanover Crossing (Hanover, MA)",TJ_MA_010
152,Sierra,1,1,Apparel,Sierra,"Apache Shoppes (Rochester, MN)",PE_APACHE_SHOPPES
153,Sinton & Sons - Local Meat and Provisions,1,1,Specialty Food,Sinton & Sons - Local Meat and Provisions,"Vineyard Center (Templeton, CA)",PE_VINEYARD_CENTER
154,Sleep & Dream,1,1,Furnishings,Sleep & Dream,"Coronado Center (Santa Fe, NM)",PE_CORONADO_CENTER
155,Sleepy’s,1,1,Home Furnishing,Sleepy’s,"Alewife Brook Parkway Shopping Center (Cambridge, MA)",TJ_CAMBRIDGE_FRESH_POND
156,Sloane’s Restaurant,1,1,Food,Sloane’s Restaurant,"Continuum Allston (Allston, MA)",TJ_MA_001
157,SoulCycle,1,1,Service,SoulCycle,"Trader Joe’s Boylston St (Boston, MA)",TJ_MA_006
158,Studio Optics,1,1,Medical,Studio Optics,"Staples Plaza (Framingham, MA)",TJ_FRAMINGHAM
159,Studio Xfinity,1,1,Telecom,Studio Xfinity,"Assembly Square (Somerville, MA)",TJ_SOMERVILLE
160,Subway,1,1,Restaurant,Subway,"Coronado Center (Santa Fe, NM)",PE_CORONADO_CENTER
161,SunTan City,1,1,Other,SunTan City,"Brennan Station (Raleigh, NC)",116710
162,Sweetgreen,1,1,Restaurant,Sweetgreen,"Newton Nexus (Newton, MA)",TJ_NEWTON
163,T-Mobile,1,1,Telecom,T-Mobile,"Alewife Brook Parkway Shopping Center (Cambridge, MA)",TJ_CAMBRIDGE_FRESH_POND
164,Talbots,1,1,Apparel,Talbots,"Brookside Shops (Acton, MA)",TJ_ACTON
165,Talbots Outlet,1,1,Soft Goods,Talbots Outlet,"Trader Joe’s Hingham (Hingham, MA)",TJ_MA_011
166,Target,1,1,Hard Goods,Target,"Hampshire Mall (Hadley, MA)",TJ_MA_009
167,Templeton Nails,1,1,Beauty,Templeton Nails,"Vineyard Center (Templeton, CA)",PE_VINEYARD_CENTER
168,TerraLoco Running & Yoga,1,1,Sporting Goods,TerraLoco Running & Yoga,"Apache Shoppes (Rochester, MN)",PE_APACHE_SHOPPES
169,The Home Depot,1,1,Hard Goods,The Home Depot,"The Crossing at Walkers Brook (Reading, MA)",TJ_MA_014
170,The New Baking Company,1,1,Coffee/Dessert,The New Baking Company,"Coronado Center (Santa Fe, NM)",PE_CORONADO_CENTER
171,The Paper Store,1,1,Soft Goods,The Paper Store,"The Crossing at Walkers Brook (Reading, MA)",TJ_MA_014
172,The Vitamin Shoppe,1,1,Personal Service,The Vitamin Shoppe,"77 Boston Turnpike Retail / Medical Space (Shrewsbury, MA)",TJ_SHREWSBURY
173,Tokyo Steakhouse,1,1,Restaurant,Tokyo Steakhouse,"Peabody Place (Peabody, MA)",TJ_PEABODY
174,Topsail Steamer,1,1,Coffee / Dessert,Topsail Steamer,"Brennan Station (Raleigh, NC)",116710
175,Total Wine & More,1,1,Wine / Liquor,Total Wine & More,"77 Boston Turnpike Retail / Medical Space (Shrewsbury, MA)",TJ_SHREWSBURY
176,Town and Country Hardware,1,1,Hardware,Town and Country Hardware,"Brennan Station (Raleigh, NC)",116710
177,Trove Beauty - Alpha Bar,1,1,Beauty,Trove Beauty - Alpha Bar,"Coronado Center (Santa Fe, NM)",PE_CORONADO_CENTER
178,Tulip Interfaces,1,1,Office Supply,Tulip Interfaces,"Assembly Square (Somerville, MA)",TJ_SOMERVILLE
179,UC Nails,1,1,Beauty,UC Nails,"Apache Shoppes (Rochester, MN)",PE_APACHE_SHOPPES
180,Uniq Laser,1,1,Personal Service,Uniq Laser,"Shops at Saugus (Saugus, MA)",TJ_SAUGUS
181,Verizon,1,1,Office/Tech,Verizon,"Apache Shoppes (Rochester, MN)",PE_APACHE_SHOPPES
182,Vincenzo's,1,1,Restaurant,Vincenzo's,"Trader Joe's Center (Dublin, OH)",PE_TRADER_JOES_CENTER
183,Vitamin Shoppe,1,1,Personal Service,Vitamin Shoppe,"Peabody Place (Peabody, MA)",TJ_PEABODY
184,Vivi Bubble Tea,1,1,Coffee/Dessert,Vivi Bubble Tea,"Trader Joe's Center (Dublin, OH)",PE_TRADER_JOES_CENTER
185,Walgreens,1,1,Soft Goods,Walgreens,"Trader Joe’s Arlington Heights (Arlington, MA)",TJ_MA_002
186,Wendy's Bridal Shoppes,1,1,Apparel,Wendy's Bridal Shoppes,"Trader Joe's Center (Dublin, OH)",PE_TRADER_JOES_CENTER
187,Wild Birds Unlimited,1,1,Pet Stores,Wild Birds Unlimited,"Coronado Center (Santa Fe, NM)",PE_CORONADO_CENTER
188,Wingstop,1,1,Restaurant,Wingstop,"Shops at Saugus (Saugus, MA)",TJ_SAUGUS
189,Wonder,1,1,Restaurant,Wonder,"Brookside Shops (Acton, MA)",TJ_ACTON
190,Woof Gang Bakery & Grooming,1,1,Coffee / Dessert,Woof Gang Bakery & Grooming,"Brennan Station (Raleigh, NC)",116710
191,World Market,1,1,Home Furnishing,World Market,"Assembly Square (Somerville, MA)",TJ_SOMERVILLE
192,X-Golf,1,1,Entertainment Retail,X-Golf,"Brookside Shops (Acton, MA)",TJ_ACTON
193,Yummy Bakery,1,1,Coffee/Dessert,Yummy Bakery,"Trader Joe's Center (Dublin, OH)",PE_TRADER_JOES_CENTER
