Prototype,Sort Order,TypologyOfCenter,TraderJoesPosition,ParkingLocation,ClosestParkingDistanceFt,TJVisibilityToMainRoad,TJSize,AltAnchor,DiagramPath,StorefrontPath,Storefront,Project ID,Project Name,Owner,Address,City/State,Latitude,Longitude,Total GLA,Year Built,Lot Size Acres,Parking Count,Parking Ratio / 1000 SF,Tenant Count,Tenant Count 0-3k,Tenant Count 3k-10k,Tenant Count 10k+,Grocery Tenant,Grocery SF,Grocery % GLA,Food,Food %,Hard Goods,Hard Goods %,Service,Service %,Soft Goods,Soft Goods %,Other,Other %,Vacancy,Vacancy %,Source Demographic Radius,5-Mile Population,5-Mile Income,3-Mile Population,3-Mile Income,ADT,Annual Visits,PDF File,PDF Path,Site Plan Page,Site Plan Image Path
Cluster,1,Lifestyle,Junior Anchor,Shared Field,18,No,10000,TJ Maxx; Sierra; Boston Ballet School,SameScalePlans/7.png,storefront/7.png,Flat Parapet Storefront,TJ_NEWTON,Newton Nexus,Crosspoint Associates,"165 Needham St, Newton, MA 02464 US","Newton, MA",42.3121235,-71.2137288,83655,1955,7.63,515,6.156236925467694,16,0,0,0,Trader Joe's,,,,,,,,,,,,,,,5 Mile,430514,207671,,,,,,,,site_plan_images/TJ_Newton.png
Cluster,2,Suburban,Junior Anchor,Front Field,32,Yes,13338,Total Wine,SameScalePlans/15.png,storefront/15.png,Flat Parapet Storefront,TJ_SHREWSBURY,77 Boston Turnpike Retail / Medical Space,Eastern Retail Properties,"77 Boston Turnpike, Shrewsbury, MA 01545","Shrewsbury, MA",42.2754264,-71.7512608,72313,1988,8.81,377,5.213447098032166,13,8,3,2,Trader Joe's,13338,18.44481628476207,42878,59.29500919613347,2360,3.2635902,17855,24.69127266190035,0,0,6507,8.998382,0,0,5 Mile,249845,84875,,,35375,,Shrewsbury_MA_77_Boston_Tpke_3.pdf,pdfs/Shrewsbury_MA_77_Boston_Tpke_3.pdf,,site_plan_images/TJ_Shrewsbury.png
C-Shape,1,Suburban,Major Anchor,Front Field,40,Yes,11000,PetSmart; La-Z-Boy; Lakeshore,SameScalePlans/14.png,storefront/14.png,Flat Parapet Storefront,TJ_SAUGUS,Shops at Saugus,Regency Centers,"334 Broadway / Route 1, Saugus, MA 01906","Saugus, MA",42.483633,-71.018139,94393,2008,10.62,,,19,12,4,3,Trader Joe's,11000,11.65340650260082,25988,27.53170256269003,41959,44.45138940387528,21393,22.66375684637632,5053,5.3531512,0,0,0,0,3 Mile,96939,149844,,,115030,2375181,Property-Brochure-Shops-at-Saugus.pdf,pdfs/Property-Brochure-Shops-at-Saugus.pdf,,site_plan_images/TJ_Saugus.png
C-Shape,2,Suburban,Major Anchor,Front Field,42,No,14679,Office Depot; Dollar Tree,SameScalePlans/3.png,storefront/3.png,Decorative Storefront,116710,Brennan Station,Kimco,"8111 Creedmoor Rd, Ste 130, Raleigh, NC","Raleigh, NC",35.898631,-78.682193,147261,,,612,4.155886487257319,30,19,7,4,Trader Joe's,14679,9.968015971642185,41942,28.481403766102364,47541,32.28349664880722,11683,7.933532978860662,6672,4.530731150813861,18754,12.735211631049632,1800,1.222319555075682,,,,,,,,116710-brennan-station-marketing-package.pdf,pdfs/116710-brennan-station-marketing-package.pdf,4,site_plan_images/116710-brennan-station-site-plan.png
C-Shape,3,Suburban,Major Anchor,Front Field,34,Yes,13045,Office Depot; Town & Country Hardware; Dollar Tree,SameScalePlans/2.png,storefront/2.png,Flat Parapet Storefront,125240,Highland Lakes Plaza,Kimco,"33561 US Hwy 19 N, Palm Harbor, FL","Palm Harbor, FL",28.077898,-82.73803,79528,,,359,4.514133387,13,7,3,3,Trader Joe's,13045,16.40302786439996,13045,16.40302786439996,40723,51.20586460114677,7000,8.801931395231868,4750,5.972739161050196,11260,14.158535358615834,2750,3.4579016195553764,,,,,,,,125240-highland-lakes-plaza-marketing-package.pdf,pdfs/125240-highland-lakes-plaza-marketing-package.pdf,4,site_plan_images/125240-highland-lakes-plaza-site-plan.png
C-Shape,4,Suburban,Major Anchor,Front Field,34,Yes,12400,TJ Maxx; At Home; Burlington,SameScalePlans/13.png,storefront/13.png,Gabled / Pitched-Roof Storefront,TJ_PEABODY,Peabody Place,Chase Properties,"300 Andover St, Peabody, MA 01960","Peabody, MA",42.5493386,-70.9545331,242787,1984,15.88,,,17,5,7,5,Trader Joe's,12400,5.1073575,26746,11.01624057301255,187341,77.16269816752956,18634,7.6750403,10066,4.146021,0,0,0,0,5 Mile,197319,89935,,,,,30-LeasingKit.pdf,pdfs/30-LeasingKit.pdf,,site_plan_images/TJ_Peabody.png
Spine,1,Suburban,Inline,Front Field,62,Yes,12845,Best Buy,SameScalePlans/10.png,storefront/10.png,Custom Storefront,TJ_HYANNIS,Christmas Tree Promenade / 655 Iyannough Rd Plaza,CTS FIDUCIARY LLC TR (c/o Turtle Rock LLC),"655 Iyannough Road Rt 132, Unit 4-A, Hyannis, MA 02601","Hyannis, MA",41.666074,-70.291643,72480,1989,9.15,,,5,2,0,3,Trader Joe's,12845,17.7221302,14201,19.59299116997792,58279,80.40700883002208,0,0,0,0,0,0,0,0,5 Mile,48889,92215,,,,,,,,site_plan_images/TJ_Hyannis.png
Spine,2,Inner Suburban,Inline,Front Field,31,Yes,11900,Raymour & Flanigan; Burlington; Bob's Furniture; TJ Maxx,SameScalePlans/12.png,storefront/12.png,Contemporary Entrance Tower,TJ_SOMERVILLE,Assembly Square,federalrealty,"145 Middlesex Ave, Somerville, MA 02145 US","Somerville, MA",42.3954311,-71.0829423,319000,1975,21,1106,3.4670846394984327,13,2,2,9,Trader Joe's,17886,5.6068966,20019,6.2755486,290765,91.1489028,8514,2.6689655,0,0,0,0,0,0,5 Mile,960777,113994,,,,,,,,site_plan_images/TJ_Somerville.png
Spine,3,Inner Suburban,Inline,Shared Field,28,Yes,,CVS,SameScalePlans/27.png,storefront/27.png,Gabled / Pitched-Roof Storefront,TJ_MA_012,Trader Joe's Needham Heights,"HIGHLAND MONTROSE, LLC",958 Highland Ave,"Needham, MA",42.292497,-71.234601,29793,,1.81,106,3.56,3,0,0,0,Trader Joe's,0,0,0,0,0,0,0,0,0,0,0,0,0,0,5-mile / 3-mile,219424,,74855,,,,,,,site_plan_images/TJ_Needham.png
Spine,4,Power,Inline,Front Field,40,Yes,13777,Jordan's Furniture; The Home Depot,SameScalePlans/29.png,storefront/29.png,Flat Parapet Storefront,TJ_MA_014,The Crossing at Walkers Brook,Wilder,34 Walkers Brook Drive,"Reading, MA",42.519745,-71.09309,480000,2005,8.56,,,9,0,0,1,Trader Joe's,13777,2.87,0,0,0,0,0,0,0,0,0,0,0,0,5-mile / 3-mile,196479,139305,,,139000,3700000,Reading-MA-Walkers-Brook.pdf,pdfs/Reading-MA-Walkers-Brook.pdf,,site_plan_images/TJ_Reading.png
Spine,5,Convenience / Neighborhood,Freestanding / Pad,Front Field,37,Yes,11065,Micro Center,SameScalePlans/1.png,storefront/1.png,Flat Parapet Storefront,117210,Memorial Plaza,Kimco,"730 Memorial Drive, Cambridge, MA","Cambridge, MA",42.3571302,-71.1142734,62555,,,269,4.300215810087123,5,1,2,2,Trader Joe's,11065,17.688434177923426,11065,17.688434177923426,0,0,3391,5.420829669890496,0,0,41724,66.69970426025098,6375,10.191031891935095,,,,,,,,117210-memorial-plaza-marketing-package.pdf,pdfs/117210-memorial-plaza-marketing-package.pdf,4,site_plan_images/117210-memorial-plaza-site-plan.png
Spine,6,Convenience / Neighborhood,End Cap,Front Field,8,Yes,15267,Bob's Discount Furniture; Petco,SameScalePlans/5.png,storefront/5.png,Gabled / Pitched-Roof Storefront,TJ_BURLINGTON,Petco / Trader Joe's center,Unknown,"51 Middlesex Turnpike, Burlington, MA","Burlington, MA",42.4737937,-71.2116342,73906,1964,6.86,231,3.125591968175791,3,0,0,3,Trader Joe's,15267,20.65732146239818,15267,20.65732146239818,58639,79.34267853760181,0,0,0,0,0,0,0,0,,,,,,,,,,,site_plan_images/TJ_Petco.png
Spine,7,Lifestyle,Inline,Front Field,50,Yes,16000,Gillette Stadium; Bass Pro Shops; Hobby Lobby,SameScalePlans/23.png,storefront/23.png,Flat Parapet Storefront,TJ_MA_008,Patriot Place,The Kraft Group,350 Patriot Place,"Foxborough, MA",42.086853,-71.269516,1400000,2008,41.28,9000,6.43,4,0,1,3,Trader Joe's,16000,1.14,0,0,0,0,246000,17.57,0,0,0,0,0,0,5-mile / 3-mile,68703,177464,24217,,35000,10000000,Foxborough-MA-Patriot-Place-Deck.pdf,pdfs/Foxborough-MA-Patriot-Place-Deck.pdf,,site_plan_images/TJ_Foxborough.png
Branch,1,Suburban,Major Anchor,Front Field,40,Yes,21903,Burlington,SameScalePlans/11.png,storefront/11.png,Flat Parapet Storefront,TJ_MILFORD,Granite Heights Marketplace,Unknown,"230 Fortune Blvd, Milford, MA 01757","Milford, MA",42.1607109,-71.5018572,97095,2017,16.4,,,4,0,1,3,Trader Joe's,21903,22.5583192,28257,29.10242545960142,28000,28.83773623770534,0,0,0,0,0,0,40838,42.05983830269323,,,,,,,,,,,site_plan_images/TJ_Milford.png
Branch,2,Suburban,Major Anchor,Front Field,8,Yes,13024,None,SameScalePlans/9.png,storefront/9.png,Gabled / Pitched-Roof Storefront,TJ_FRAMINGHAM,Staples Plaza,The Hamilton Company,"659 Worcester Rd, Framingham, MA 01701","Framingham, MA",42.2990907,-71.4247688,38300,1996,7.5,223,5.822454308093995,4,1,1,2,Trader Joe's,13024,34.00522193211488,17443,45.54308093994778,19857,51.84595300261097,1000,2.6109661,0,0,0,0,0,0,5 Mile,145502,103909,,,,,,,,site_plan_images/TJ_Framingham.png
Branch,3,Suburban,Major Anchor,Front Field,8,Yes,12247,Staples,SameScalePlans/6.png,storefront/6.png,Flat Parapet Storefront,TJ_ACTON,Brookside Shops,Crosspoint Associates,"145 Great Road, Acton, MA 01720","Acton, MA",42.4838745,-71.4148194,75529,2001,10.34,310,4.104383746640363,7,0,0,0,Trader Joe's,,,,,,,,,,,,,,,5 Mile,70599,138175,,,,,,,,site_plan_images/TJ_Acton.png
Branch,4,Inner Suburban,Major Anchor,Front Field,23,Yes,14000,CVS,SameScalePlans/8.png,storefront/8.png,Decorative Storefront,TJ_CAMBRIDGE_FRESH_POND,Alewife Brook Parkway Shopping Center,Linear Retail Properties,"211 Alewife Brook Pkwy, Cambridge, MA 02138","Cambridge, MA",42.3899301,-71.1433772,47000,2009,1.89,225,4.787234042553192,6,0,0,1,Trader Joe's,14000,29.78723404255319,14000,29.78723404255319,0,0,0,0,0,0,0,0,0,0,5 Mile,,169576,,,21998,,,,,site_plan_images/TJ_Cambridge_Fresh_Pond.png
Mall / Destination,1,Suburban,Freestanding / Pad,Front Field,9,Yes,13000,Target; Hampshire Mall,SameScalePlans/24.png,storefront/24.png,Gabled / Pitched-Roof Storefront,TJ_MA_009,Hampshire Mall,Deutsche Bank Trust Co. Americas / Wells Fargo CMBS,375 Russell St,"Hadley, MA",42.3577,-72.549535,373881,1974,46.52,,,8,0,1,7,Trader Joe's,13000,3.48,0,0,133506,35.71,113094,30.25,300411,80.35,0,0,0,0,5-mile / 3-mile,51367,,26470,,,,,,,site_plan_images/TJ_Hadley.png
Mall / Destination,2,Suburban,Inline,Front Field,35,No,,Market Basket; Macy's; Dick's Sporting Goods; Showcase Cinema; L.L.Bean; World Market,SameScalePlans/25.png,storefront/25.png,Flat Parapet Storefront,TJ_MA_010,Hanover Crossing,PREP Property Group,1775 Washington St,"Hanover, MA",42.143893,-70.843091,537244,2022,67.07,,,11,0,0,1,Trader Joe's; Market Basket,80000,14.89,0,0,0,0,0,0,0,0,0,0,0,0,5-mile / 3-mile,64973,200800,22812,219593,3100000,,Hanover-MA-Hanover-Crossing.pdf,pdfs/Hanover-MA-Hanover-Crossing.pdf,,site_plan_images/TJ_Hanover.png
Mall / Destination,3,Lifestyle,Freestanding / Pad,Front Field,8,Yes,13594,CVS; The Fresh Market,SameScalePlans/26.png,storefront/26.png,Contemporary Entrance Tower,TJ_MA_011,Trader Joe's Hingham,HINGHAM LAUNCH PROPERTY LLC,5 Essington Drive,"Hingham, MA",42.249177,-70.923572,435000,2008,2.99,,,2,0,0,2,Trader Joe's,13594,3.13,0,0,0,0,0,0,18000,4.14,0,0,0,0,5-mile / 3-mile,112339,,35135,,,,,,,site_plan_images/TJ_Hingham.png
Standalone,1,Convenience / Neighborhood,Freestanding / Pad,Rear / Integrated,8,Yes,10000,None,SameScalePlans/30.png,storefront/30.png,Urban Storefront,TJ_MA_015,Trader Joe's West Newton / 1121 Washington Street,JACKSON NEWTON LP,1121 Washington St,"West Newton, MA",42.349809,-71.219628,16000,2001,1.06,35,2.19,2,0,1,1,Trader Joe's,10000,62.5,0,0,0,0,6000,37.5,0,0,0,0,0,0,5-mile / 3-mile,384199,,168709,,,,,,,site_plan_images/TJ_West_Newton.png
Standalone,2,Convenience / Neighborhood,Freestanding / Pad,Front Field,8,Yes,9724,Walgreens,SameScalePlans/17.png,storefront/17.png,Flat Parapet Storefront,TJ_MA_002,Trader Joe's Arlington Heights,NWCA ARLINGTON LLC,1427 Massachusetts Ave,"Arlington, MA",42.425376,-71.188352,24370,1997,1.37,78,3.2,3,1,1,1,Trader Joe's,9724,39.9,660,2.71,0,0,0,0,15876,65.15,0,0,0,0,5-mile / 3-mile,401221,,123082,,,,,,,site_plan_images/TJ_Arlington.png
Standalone,3,Convenience / Neighborhood,End Cap,Front Field,8,Yes,12400,None,SameScalePlans/4.png,storefront/4.png,Gabled / Pitched-Roof Storefront,BRX040,Village Square Shopping Center,Brixmor,"1262 Boston Post Road | Larchmont, NY 10538","Larchmont, NY",40.9383,-73.7462,17000,,,,,4,4,0,1,Trader Joe's,12400,72.94117647058823,13272,78.07058823529411,0,0,0,0,1762,10.364705882352942,0,0,1966,11.56470588235294,,,,,,,,Village Square Shopping Center - Property Brochure.pdf,pdfs/Village Square Shopping Center - Property Brochure.pdf,2,site_plan_images/brx040-village-square-shopping-center-site-plan.png
Standalone,4,Convenience / Neighborhood,Freestanding / Pad,Front Field,22,Yes,15500,None,SameScalePlans/20.png,storefront/20.png,Flat Parapet Storefront,TJ_MA_005,Trader Joe's Boston - West Roxbury,CENTRE STREET HOLDINGS LLC MASS LLC,1999 Centre St,"Boston, MA",42.281835,-71.158298,18000,1950,1.67,82,4.56,2,1,0,1,Trader Joe's,15500,86.11,0,0,0,0,2500,13.89,0,0,0,0,0,0,5-mile / 3-mile,867834,,418467,,,,,,,site_plan_images/TJ_WestRoxbury.png
Urban Context,1,Urban,Urban Block,Rear / Integrated,,Yes,20000,None,SameScalePlans/19.png,storefront/19.png,Urban Storefront,TJ_MA_004,Trader Joe's Fort Point Seaport,Invesco Real Estate,44 Thomson Place,"Boston, MA",42.3514,-71.0475,,1910,1.19,,,1,0,0,1,Trader Joe's,20000,,0,,0,,0,,0,,0,,0,,5-mile / 3-mile,884559,,344490,,,,trader_joes-boston_ma.pdf,pdfs/trader_joes-boston_ma.pdf,,site_plan_images/TJ_Seaport.png
Urban Context,2,Urban,Urban Block,Structured,,Yes,5200,None,SameScalePlans/18.png,storefront/18.png,Urban Storefront,TJ_MA_003,Trader Joe's Boston - Back Bay,AP NEWBURY STREET PORTFOLIO,899 Boylston St,"Boston, MA",42.3484,-71.0842,5200,1920,0.1,,,1,0,1,0,Trader Joe's,5200,100,0,0,0,0,0,0,0,0,0,0,0,0,5-mile / 3-mile,973866,,518674,,,,,,,site_plan_images/TJ_BackBay.png
Urban Context,3,Urban,Urban Block,Structured,,Yes,16512,None,SameScalePlans/21.png,storefront/21.png,Urban Storefront,TJ_MA_006,Trader Joe's Boylston St,Oxford Properties,500 Boylston St,"Boston, MA",42.3504,-71.0743,92000,1987,1.95,,,3,0,0,1,Trader Joe's,16512,17.95,0,0,0,0,0,0,0,0,0,0,0,0,5-mile / 3-mile,962940,,495320,,,,,,,site_plan_images/TJ_Boylston.png
Urban Context,4,Urban,Urban Block,Rear / Integrated,,Yes,12500,None,SameScalePlans/22.png,storefront/22.png,Urban Storefront,TJ_MA_007,Trader Joe's Brookline,SPELLMAN ET AL TRS K,1317 Beacon St,"Brookline, MA",42.341606,-71.120475,42889,1987,0.84,34,0.79,1,0,0,1,Trader Joe's,12500,29.15,0,0,0,0,0,0,0,0,0,0,0,0,5-mile / 3-mile,976641,,438700,,,,,,,site_plan_images/TJ_Brookline.png
Urban Context,5,Urban,Urban Block,Structured,,Yes,14435,None,SameScalePlans/28.png,storefront/28.png,Urban Storefront,TJ_MA_013,Quincy Center Mixed-Use Development,Atlantic Development,111 General McConville Way,"Quincy, MA",42.247096,-71.002996,20000,2027,1.2,900,45,3,1,1,1,Trader Joe's,14435,72.17,2510,12.55,0,0,3020,15.1,0,0,0,0,0,0,5-mile / 3-mile,280886,,127931,,,,Quincy-MA-McConville-Way.pdf,pdfs/Quincy-MA-McConville-Way.pdf,,site_plan_images/TJ_Quincy.png
Urban Context,6,Urban,Urban Block,Structured,,Yes,13000,None,SameScalePlans/16.png,storefront/16.png,Urban Storefront,TJ_MA_001,Continuum Allston,Samuels & Associates,199 N Harvard St,"Allston, MA",42.3633,-71.13,34763,2015,2.03,100,2.88,5,2,2,1,Trader Joe's,13000,37.4,6585,18.94,0,0,11024,31.71,0,0,0,0,0,0,5-mile / 3-mile,926216,151986,447286,123293,20000,,Allston-MA-Continuum.pdf,pdfs/Allston-MA-Continuum.pdf,,site_plan_images/TJ_Allston.png
Spine,8,Suburban,Junior Anchor,Front Field,8,Yes,15960,Sierra,SameScalePlans/31.png,storefront/31.png,Decorative Storefront,PE_APACHE_SHOPPES,Apache Shoppes,Phillips Edison & Company,1200 16th Street SW,"Rochester, MN",44.000626,-92.481147,57491,,,,,9,4,3,2,Trader Joe's,15960,27.76,3,33.33,3,33.33,2,22.22,1,11.11,0,0,0,0,5-Mile,107328,96903,60157,88743,36666,,Apache Shoppes - Flyer.pdf,pdfs/Apache Shoppes - Flyer.pdf,2,site_plan_images/Apache Shoppes - Flyer.pdf
Spine,9,Convenience / Neighborhood,Junior Anchor,Front Field,8,Yes,16700,New Mexico Bike N Sport; Dollar Tree; Empire Sushi Buffet,SameScalePlans/32.png,storefront/32.png,Decorative Storefront,PE_CORONADO_CENTER,Coronado Center,Phillips Edison & Company,504 W. Cordova Road,"Santa Fe, NM",35.672783,-105.952345,116005,,,,,22,10,8,4,Trader Joe's,16700,14.4,7,31.82,5,22.73,7,31.82,1,4.55,0,0,2,9.09,5-Mile,77305,85311,48738,84941,34540,,Coronado Center - Flyer.pdf,pdfs/Coronado Center - Flyer.pdf,2,site_plan_images/Coronado Center - Flyer.pdf
Spine,10,Lifestyle,Major Anchor,Shared Field,25,Yes,12788,None,SameScalePlans/33.png,storefront/33.png,Decorative Storefront,PE_TRADER_JOES_CENTER,Trader Joe's Center,Phillips Edison & Company,6301-6393 Sawmill Road,"Dublin, OH",40.09634,-83.092705,75506,,,,,22,14,7,1,Trader Joe's,12788,16.94,6,27.27,2,9.09,10,45.45,2,9.09,1,4.55,1,4.55,5-Mile,237550,115343,99012,102856,35082,,Trader Joe's Center - Flyer.pdf,pdfs/Trader Joe's Center - Flyer.pdf,2,site_plan_images/Trader Joe's Center - Flyer.pdf
Branch,5,Convenience / Neighborhood,Major Anchor,Front Field,10,Yes,12770,None,SameScalePlans/34.png,storefront/34.png,Gabled / Pitched-Roof Storefront,PE_VINEYARD_CENTER,Vineyard Center,Phillips Edison & Company,1111-1115 Rossi Road,"Templeton, CA",35.541909,-120.715143,21117,,,,,8,7,0,1,Trader Joe's,12770,60.47,3,37.5,1,12.5,2,25,0,0,0,0,2,25,5-Mile,26096,121073,12130,121811,63317,,Vineyard Center - Flyer.pdf,pdfs/Vineyard Center - Flyer.pdf,2,site_plan_images/Vineyard Center - Flyer.pdf
